id;ano;uf;crescimento;gini;educ_fem;educ_mas;invest_estad;pib_percapita
1;2004;Acre;0,007565269;0,735187;6,858800411;6,12397337;19,26090973;5,765555102
1;2005;Acre;0,008448779;0,733279;6,933274269;6,236433029;19,72661024;6,37133494
1;2006;Acre;0,005280322;0,732895;7,252581596;6,334653854;20,22405971;6,720022084
1;2007;Acre;0,010271031;0,726051;7,949839592;6,895820618;19,86278932;7,665336721
1;2008;Acre;0,010364791;0,726923;7,79528904;7,357328415;20,31214903;8,774884569
1;2009;Acre;0,009228195;0,732872;8,126662254;7,322576523;20,82480527;9,895751457
1;2011;Acre;0,004407684;0,714592;7,998078823;7,224847317;20,42992607;11,49575529
1;2012;Acre;0,007789859;0,716393;8,469285965;7,790873528;20,78579313;12,7996831
1;2013;Acre;0,007673924;0,698498;8,230643272;7,402592182;20,88257158;14,25308131
1;2014;Acre;0,009814968;0,709874;8,352741241;7,536971092;21,00290554;16,44768677
1;2015;Acre;0,000738307;0,702146;8,263863564;7,663760662;20,30954866;16,38015547
1;2016;Acre;0,000584525;0,682746;8,4;7,3;20,21631962;16,29384804
1;2017;Acre;0,002252156;0,683597;8,6;7,7;20,31239201;16,66509936
1;2018;Acre;0,004341385;0,698241;8,7;7,7;20,33104139;17,63688058
2;2004;Alagoas;0,006522963;0,731059;5,487061501;4,915416718;19,60710993;4,633411124
2;2005;Alagoas;0,005929177;0,725812;5,503130913;4,925582886;20,2075209;5,056985845
2;2006;Alagoas;0,007029781;0,732877;5,905435562;5,388888836;19,87117602;5,626473193
2;2007;Alagoas;0,007980778;0,740501;6,103775978;5,532542229;19,91676396;6,370484001
2;2008;Alagoas;0,00676115;0,72945;6,267320156;5,678299427;20,37238606;7,075159945
2;2009;Alagoas;0,00488995;0,734932;6,373492718;5,674368858;20,80406656;7,623223
2;2011;Alagoas;0,009009989;0,754962;6,622702122;5,867851257;20,7861797;9,851027475
2;2012;Alagoas;0,005230877;0,755656;6,916114807;6,29443121;20,95243448;10,72476513
2;2013;Alagoas;0,004217292;0,744972;7,036030769;6,386816978;21,01488107;11,480283
2;2014;Alagoas;0,005416827;0,746158;7,021011829;6,323489666;21,26610151;12,55544436
2;2015;Alagoas;0,007053129;0,747634;7,317776203;6,708441257;20,84141897;14,13969868
2;2016;Alagoas;0,003668029;0,73483;7,1;6,6;20,60305739;15,01952436
2;2017;Alagoas;0,003732995;0,717591;7,4;6,7;20,63138687;15,97900398
2;2018;Alagoas;0,001637861;0,719354;7,7;7;21,02383124;16,37773625
3;2004;Amapá;0,007567671;0,795061;7,969738007;7,711527824;19,05948067;6,637811196
3;2005;Amapá;0,007825698;0,782708;8,629337311;7,91861248;18,94078123;7,231380464
3;2006;Amapá;0,013353122;0,791405;8,714211464;8,140853882;19,17720489;8,585599573
3;2007;Amapá;0,008382824;0,777855;8,864970207;8,136673927;19,08383437;9,475344499
3;2008;Amapá;0,009286522;0,781591;8,899368286;8,744724274;19,44504783;10,62411516
3;2009;Amapá;0,004751416;0,782225;9,051447868;8,488621712;19,49654213;11,10808001
3;2011;Amapá;0,00834942;0,770029;9,033981323;8,449597359;19,96000104;13,22536837
3;2012;Amapá;0,010464541;0,774748;9,30755043;9,032734871;20,43652793;15,28933882
3;2013;Amapá;0,008435398;0,765663;9,447533607;8,926845551;20,80311391;17,13658938
3;2014;Amapá;0,002975625;0,773062;10,10924244;9,279789925;20,53183972;17,58207506
3;2015;Amapá;0,002061107;0,769808;9,632149696;9,008942604;20,10054455;17,78420381
3;2016;Amapá;0,002073715;0,759556;10;9,3;19,35712545;18,00827831
3;2017;Amapá;0,004640557;0,760113;10,4;9,3;19,65008094;19,04096994
3;2018;Amapá;0,004918184;0,765705;10,1;9,2;19,58512065;20,24753283
4;2004;Amazonas;0,010787766;0,907582;8,022583961;7,467448711;20,34343595;9,898374716
4;2005;Amazonas;0,005152281;0,906511;8,102063179;7,906677723;20,54552576;10,59336825
4;2006;Amazonas;0,009307859;0,904798;8,443138123;8,209320068;20,77935501;12,1877281
4;2007;Amazonas;0,004861385;0,905461;8,27969265;7,947919846;20,72014898;12,99644031
4;2008;Amazonas;0,005759879;0,903919;8,609712601;8,092373848;21,07549561;14,08892739
4;2009;Amazonas;0,002801616;0,900838;8,640130997;8,14185524;21,36607037;14,50712073
4;2011;Amazonas;0,008372656;0,884592;8,586802483;8,051487923;21,34604055;19,55047512
4;2012;Amazonas;0,001167354;0,88155;8,945234299;8,594564438;21,34454441;19,60811855
4;2013;Amazonas;0,007705013;0,880242;9,223082542;8,634282112;21,77391258;22,13936181
4;2014;Amazonas;0,002338061;0,874176;9,54775238;8,861118317;21,66387225;22,69028881
4;2015;Amazonas;-6,34547E-05;0,868583;9,503928185;8,949897766;20,97497007;22,26696847
4;2016;Amazonas;0,001540283;0,866237;9,3;8,6;21,01263548;22,52933438
4;2017;Amazonas;0,002518253;0,864297;9,6;9,1;20,95010961;23,21826594
4;2018;Amazonas;0,003873592;0,864619;9,7;9,2;21,32204275;24,53290328
5;2004;Bahia;0,008241975;0,788134;6,187975883;5,599025249;21,33318499;5,633247423
5;2005;Bahia;0,006868785;0,79203;6,393725872;5,799987316;21,39778253;6,339624212
5;2006;Bahia;0,004202144;0,786248;6,61532259;6,033808708;21,50938818;6,805492541
5;2007;Bahia;0,007447609;0,788698;6,677345753;6,15663147;21,48914895;7,7612619
5;2008;Bahia;0,005776647;0,791933;7,006727695;6,403693199;21,77860145;8,591023291
5;2009;Bahia;0,006743653;0,794618;7,191790104;6,527506828;21,76709071;9,689848314
5;2011;Bahia;0,004027508;0,783412;7,472870827;6,688209057;21,84452185;11,59137873
5;2012;Bahia;0,004835153;0,782281;7,716283321;6,942477226;21,91867083;12,64218662
5;2013;Bahia;0,006050812;0,78039;7,982420444;7,124350548;22,19772169;14,12228941
5;2014;Bahia;0,004654845;0,77802;8,038917542;7,168949127;22,01458941;15,37367384
5;2015;Bahia;0,004686321;0,77591;8,151940346;7,191848278;21,98402069;16,75052215
5;2016;Bahia;0,00281531;0,776509;8,1;7,2;22,17731376;17,61365119
5;2017;Bahia;0,001954716;0,781992;8,2;7,3;22,01757285;18,21874542
5;2018;Bahia;0,003253296;0,783047;8,4;7,4;22,11254558;19,32403579
6;2004;Ceará;0,006991613;0,792612;6,402026176;5,665837765;20,84949125;4,577770051
6;2005;Ceará;0,006144504;0,792617;6,495887756;5,765964985;20,76865554;5,033303353
6;2006;Ceará;0,007098357;0,786051;6,811150074;5,97040081;21,68095533;5,632408656
6;2007;Ceará;0,005030093;0,794227;6,982179165;6,234507561;20,85543404;6,085756309
6;2008;Ceará;0,009748858;0,78616;7,133869648;6,353604794;21,20738579;7,154939716
6;2009;Ceará;0,005940009;0,795191;7,323844433;6,533324242;21,70395553;7,872886313
6;2011;Ceará;0,006747325;0,790217;7,447244167;6,537036419;21,87322274;10,33172698
6;2012;Ceará;0,004260396;0,802985;7,619180679;6,649300098;21,78657533;11,0978775
6;2013;Ceará;0,006375376;0,799937;7,802547932;6,920397282;21,85156584;12,40093592
6;2014;Ceará;0,007836462;0,79258;7,825421333;7,008995056;22,22860509;14,24822316
6;2015;Ceará;0,001911494;0,791531;7,875124931;6,946087837;21,89270455;14,66883014
6;2016;Ceará;0,003100567;0,789309;7,9;6,8;21,90218631;15,4440572
6;2017;Ceará;0,003540587;0,776891;8,2;7,3;22,01970084;16,40153063
6;2018;Ceará;0,002793792;0,788281;8,4;7,6;22,08335651;17,17678577
8;2004;Espírito Santo;0,013412352;0,798309;7,643568039;7,517809391;20,92729505;11,85065115
8;2005;Espírito Santo;0,00962485;0,795508;7,965618134;7,751505375;21,16436008;13,85098448
8;2006;Espírito Santo;0,00726932;0,792566;7,862250805;7,686921597;21,4106922;15,56283192
8;2007;Espírito Santo;0,007094994;0,793213;8,129854202;7,836547375;21,52146803;17,45777329
8;2008;Espírito Santo;0,009635377;0,799044;8,03689003;7,925645351;21,66069521;20,51090013
8;2009;Espírito Santo;-0,002249908;0,787945;8,337203026;8,022920609;21,75464317;19,46601305
8;2011;Espírito Santo;0,011878329;0,783108;8,749774933;8,310481071;21,84472992;29,09360552
8;2012;Espírito Santo;0,005286148;0,774786;8,96295929;8,58575058;21,89678461;31,67242902
8;2013;Espírito Santo;0,000194871;0,768602;8,852272034;8,608760834;21,76945022;31,38710695
8;2014;Espírito Santo;0,005038682;0,769294;9,003591537;8,559739113;21,70379257;34,03052219
8;2015;Espírito Santo;-0,003619965;0,757844;9,135702133;8,887667656;21,07604021;31,40397712
8;2016;Espírito Santo;-0,005200787;0,747877;9,1;8,8;20,93241148;28,16546347
8;2017;Espírito Santo;0,002007101;0,744252;9,4;9,1;20,95883019;28,88919383
8;2018;Espírito Santo;0,010201772;0,764315;9,4;9,1;21,31483265;34,49311976
9;2004;Goiás;0,006514241;0,78121;7,421940804;6,973001957;20,71399103;9,205206011
9;2005;Goiás;0,00296483;0,789545;7,536741257;7,086455822;20,75261354;9,533479584
9;2006;Goiás;0,007332108;0,801655;7,774642467;7,299700737;20,50809786;10,6801163
9;2007;Goiás;0,00844481;0,797955;8,029789925;7,407070637;20,64953036;12,22911015
9;2008;Goiás;0,007927065;0,796521;8,132393837;7,580453873;20,95282949;13,89563199
9;2009;Goiás;0,00654821;0,798453;8,339967728;7,72640276;20,99830927;15,42036033
9;2011;Goiás;0,006900383;0,798265;8,574866295;8,086494446;21,73250323;19,51915302
9;2012;Goiás;0,007225323;0,797168;8,932412148;8,318157196;21,85995548;21,96820624
9;2013;Goiás;0,004615667;0,791039;8,971577644;8,431574821;21,82851204;23,5758519
9;2014;Goiás;0,004607038;0,795816;8,90735817;8,26410675;22,23939559;25,30577162
9;2015;Goiás;0,002690182;0,792506;9,444349289;8,758412361;21,8941489;26,20658308
9;2016;Goiás;0,002411088;0,783067;9,2;8,5;21,41630827;27,02290976
9;2017;Goiás;0,002867839;0,784806;9,4;8,7;21,69809995;28,12633724
9;2018;Goiás;0,001009997;0,782786;9,5;8,8;21,61640212;28,26277797
10;2004;Maranhão;0,007520602;0,733106;5,988041401;5,199701786;19,69469459;3,566551565
10;2005;Maranhão;0,007463849;0,747359;5,886949062;5,160850525;19,9537746;3,986400396
10;2006;Maranhão;0,00988757;0,754244;6,333791733;5,301413059;20,55915152;4,649635846
10;2007;Maranhão;0,00196212;0,740652;6,697084904;5,784534931;20,36601307;4,744325573
10;2008;Maranhão;0,012211637;0,730672;6,856354713;5,878909588;20,89252019;5,780896999
10;2009;Maranhão;0,004448602;0,727809;7,025052071;6,133586407;21,11390959;6,174781354
10;2011;Maranhão;0,006722064;0,727895;6,87425375;6,007013798;21,03836746;7,716722116
10;2012;Maranhão;0,008355866;0,739431;7,187244415;6,188196659;21,20478953;8,897135095
10;2013;Maranhão;0,00628029;0,733188;7,287630558;6,340513229;21,97615542;9,902438921
10;2014;Maranhão;0,007029287;0,729936;7,595216274;6,516775608;21,38843232;11,1765313
10;2015;Maranhão;0,001158822;0,720329;7,595112324;6,603356838;21,07481214;11,34662022
10;2016;Maranhão;0,004593353;0,716927;7,4;6,5;21,30039237;12,26582655
10;2017;Maranhão;0,002651661;0,719273;7,6;6,7;21,51472284;12,80252534
10;2018;Maranhão;0,005028947;0,725685;8;6,9;21,59702891;13,95575386
11;2004;Mato Grosso;0,013079587;0,706625;7,366910934;6,922299862;20,53498382;11,98770879
11;2005;Mato Grosso;0,001482124;0,711716;7,535887241;6,921619892;20,71661379;12,05580176
11;2006;Mato Grosso;-0,006318632;0,718791;7,600458622;6,922169209;20,54264299;10,59611087
11;2007;Mato Grosso;0,012415682;0,716524;7,540596962;6,965205669;20,56447951;12,89009704
11;2008;Mato Grosso;0,01476083;0,710669;8,21586132;7,440133572;20,850771;16,38861456
11;2009;Mato Grosso;0,00387015;0,714188;8,203047752;7,727746487;21,15168454;17,24788172
11;2011;Mato Grosso;0,011220851;0,70056;8,700640678;7,936810017;21,02173638;21,9827381
11;2012;Mato Grosso;0,007838741;0,700844;8,931215286;7,932973862;21,66593367;25,01161359
11;2013;Mato Grosso;0,006221331;0,702776;9,207480431;8,151331902;21,72739122;27,65408846
11;2014;Mato Grosso;0,006905399;0,707444;9,263578415;8,228196144;21,51712844;30,96379572
11;2015;Mato Grosso;0,003216573;0,702834;9,396785736;8,358694077;21,09935933;32,40821321
11;2016;Mato Grosso;0,007710532;0,699514;8,9;8;21,31199744;36,90231485
11;2017;Mato Grosso;0,001269516;0,703153;9,2;8,2;21,47153807;37,32088793
11;2018;Mato Grosso;0,004300203;0,703045;9,4;8,5;21,12621813;39,93112518
12;2004;Mato Grosso do Sul;0,003994671;0,663942;7,342534542;7,086305618;20,08667971;10,24901642
12;2005;Mato Grosso do Sul;0,000883377;0,677547;7,500525951;7,370148182;20,08160414;10,23768341
12;2006;Mato Grosso do Sul;0,006884925;0,683075;7,667098522;7,530156136;20,08750307;11,33085567
12;2007;Mato Grosso do Sul;0,007050631;0,680232;7,87749958;7,632308483;20,18552512;12,59987737
12;2008;Mato Grosso do Sul;0,010776845;0,675954;8,243116379;7,674152374;20,83800647;14,94961234
12;2009;Mato Grosso do Sul;0,005007649;0,683925;8,179300308;7,775958061;20,72002967;16,07000857
12;2011;Mato Grosso do Sul;0,008706818;0,690452;8,724413872;8,336521149;21,17727343;21,82832824
12;2012;Mato Grosso do Sul;0,006597148;0,693024;8,884446144;8,463290215;21,08922877;24,24813583
12;2013;Mato Grosso do Sul;0,006113844;0,688085;8,824551582;8,515102386;21,39538226;26,72899061
12;2014;Mato Grosso do Sul;0,007299204;0,692664;9,041915894;8,525741577;21,67999019;30,11968233
12;2015;Mato Grosso do Sul;0,002805621;0,681231;9,091625214;8,694904327;21,16944296;31,30550452
12;2016;Mato Grosso do Sul;0,005526757;0,675015;9;8,5;20,99512597;34,21852879
12;2017;Mato Grosso do Sul;0,002609719;0,679411;9,3;8,8;21,07707037;35,48508283
12;2018;Mato Grosso do Sul;0,005660972;0,676409;9,4;8,9;21,19661466;38,92585397
13;2004;Minas Gerais;0,00934804;0,826222;7,236152649;7,004210949;21,39602388;8,999621784
13;2005;Minas Gerais;0,004832483;0,824006;7,309078217;7,122489452;21,86935345;9,780775082
13;2006;Minas Gerais;0,006366886;0,825257;7,590589046;7,336787701;22,09024666;10,95552612
13;2007;Minas Gerais;0,006384573;0,831472;7,753623486;7,5143013;22,13812357;12,29354426
13;2008;Minas Gerais;0,007653086;0,831392;7,881219387;7,672805786;22,46334184;14,14999021
13;2009;Minas Gerais;0,001605689;0,829374;8,036344528;7,837150574;22,50400224;14,4980529
13;2011;Minas Gerais;0,006639263;0,827357;8,181142807;7,794935703;22,44912229;19,91050167
13;2012;Minas Gerais;0,005057399;0,826352;8,540335655;8,02956295;22,7497981;21,85709766
13;2013;Minas Gerais;0,004941659;0,829611;8,565999031;8,151070595;23,1080238;23,95547816
13;2014;Minas Gerais;0,002849629;0,825613;8,715165138;8,205258369;22,86652072;25,19105171
13;2015;Minas Gerais;0,000259544;0,819167;8,73246479;8,310463905;22,68522793;25,15045602
13;2016;Minas Gerais;0,002386685;0,810631;9;8,5;22,24510115;26,21768751
13;2017;Minas Gerais;0,002799841;0,814679;9;8,6;22,40325097;27,56639723
13;2018;Minas Gerais;0,003205435;0,818818;9,2;8,7;22,30769024;29,22321646
14;2004;Pará;0,012080788;0,73597;6,793037891;6,14646244;20,4602487;5,36511122
14;2005;Pará;0,00479559;0,731493;7,100014687;6,338315964;20,6336151;5,717369757
14;2006;Pará;0,007215993;0,73773;7,145346642;6,423318863;20,90085543;6,361186617
14;2007;Pará;0,006802528;0,735058;7,380353451;6,559206009;20,39132398;7,037422886
14;2008;Pará;0,009112555;0,750837;7,544417858;6,722598553;20,97945377;8,123194295
14;2009;Pará;0,000644312;0,732581;7,618615627;6,806553841;20,96989946;8,074514037
14;2011;Pará;0,009717831;0,762108;7,765021801;6,933141232;20,79207492;12,55391728
14;2012;Pará;0,004421558;0,75689;8,075175285;7,253232002;21,11737405;13,45214553
14;2013;Pará;0,006710043;0,737801;8,192022324;7,31896019;21,30909655;15,0507252
14;2014;Pará;0,001468892;0,727915;8,236738205;7,296521664;21,42251148;15,28758802
14;2015;Pará;0,002652403;0,716042;8,356218338;7,463241577;21,39337954;15,87704703
14;2016;Pará;0,002867991;0,701392;8,5;7,4;21,13019727;16,57088799
14;2017;Pará;0,006236329;0,713949;8,7;7,6;21,20652085;18,43038698
14;2018;Pará;0,002049268;0,717056;8,9;7,9;21,7865381;18,95221223
15;2004;Paraíba;0,004053921;0,770663;6,2153759;5,334876537;19,73332577;4,294389273
15;2005;Paraíba;0,006524412;0,76894;6,275489807;5,53292799;19,94557639;4,743551358
15;2006;Paraíba;0,010269987;0,774127;6,461399078;5,526772499;20,08227628;5,583116378
15;2007;Paraíba;0,005624532;0,778311;6,561530113;5,782526016;19,92972566;6,091847254
15;2008;Paraíba;0,009451385;0,777112;6,760089874;6,107979774;20,25353345;7,097649529
15;2009;Paraíba;0,006845615;0,778778;7,045209885;6,145037651;20,37357004;7,922811415
15;2011;Paraíba;0,005866124;0,781692;7,433656693;6,578891754;20,33858393;9,614231829
15;2012;Paraíba;0,007766583;0,791399;7,753144264;6,731040478;20,71931272;10,96367988
15;2013;Paraíba;0,004986137;0,784294;7,714472771;6,79079628;21,00975186;11,920671
15;2014;Paraíba;0,007493783;0,788873;7,937020779;6,939156055;21,11007193;13,53853817
15;2015;Paraíba;0,003305639;0,784818;8,081861496;7,272994041;20,87780848;14,2762522
15;2016;Paraíba;0,002882276;0,780546;7,8;7;20,92600319;14,94925909
15;2017;Paraíba;0,003028909;0,780096;8,1;7,2;20,77111207;15,69952574
15;2018;Paraíba;0,001737695;0,77879;8,2;7;20,63053241;16,10750893
16;2004;Paraná;0,006211268;0,783146;7,717912197;7,844585419;21,06137652;12,14481696
16;2005;Paraná;0,001716962;0,792089;7,873051643;7,860329151;21,2304682;12,43270759
16;2006;Paraná;0,004118447;0,800034;8,096095085;8,120247841;21,35658798;13,31527931
16;2007;Paraná;0,009738882;0,802068;8,143010139;8,253144264;20,99757989;15,86010632
16;2008;Paraná;0,006174316;0,793297;8,501507759;8,574776649;21,16399576;17,69270325
16;2009;Paraná;0,003020563;0,801559;8,542647362;8,549649239;21,28329842;18,59874525
16;2011;Paraná;0,006891425;0,797691;8,509860039;8,532431602;21,17588952;23,94493282
16;2012;Paraná;0,00542788;0,795766;8,829336166;8,913201332;21,56166176;26,39209635
16;2013;Paraná;0,00795696;0,786344;9,159361839;9,083319664;21,71602342;30,57142852
16;2014;Paraná;0,002183838;0,784089;9,175887108;9,158690453;21,78221011;31,64980352
16;2015;Paraná;0,004052388;0,782616;9,229146004;9,203621864;21,47998476;33,99411258
16;2016;Paraná;0,003232947;0,772889;9,1;9;22,231281;35,9526544
16;2017;Paraná;0,002414003;0,773335;9,2;9,1;22,18072278;37,42679827
16;2018;Paraná;0,00216658;0,772719;9,3;9,3;22,17379234;38,77274171
17;2004;Pernambuco;0,008438034;0,797682;6,580203056;6,216810703;20,48855302;5,294424967
17;2005;Pernambuco;0,006272937;0,793659;6,825256824;6,265912533;20,64835501;5,852410819
17;2006;Pernambuco;0,005599942;0,786755;6,89162159;6,457846165;20,87273477;6,398480402
17;2007;Pernambuco;0,00663975;0,792372;7,061203957;6,455515385;20,81098482;7,134258231
17;2008;Pernambuco;0,006678302;0,789048;7,246778965;6,744512081;21,17100632;7,966926038
17;2009;Pernambuco;0,006897818;0,789191;7,444990158;6,964344978;21,60206839;8,939957296
17;2011;Pernambuco;0,006811736;0,796663;7,540000439;7,195963383;21,77536331;12,15612174
17;2012;Pernambuco;0,008100283;0,803524;7,894447803;7,362018108;21,97883925;14,02399261
17;2013;Pernambuco;0,005243365;0,806319;8,073941231;7,598711491;22,21624556;15,35994239
17;2014;Pernambuco;0,00503695;0,801308;8,198869705;7,639350414;22,05622539;16,76775148
17;2015;Pernambuco;0,000618741;0,794733;8,222639084;7,556343555;21,49499682;16,84567294
17;2016;Pernambuco;0,003393651;0,790401;8,3;7,6;21,53390462;17,84562907
17;2017;Pernambuco;0,004319968;0,790723;8,4;7,8;21,62725701;19,24881824
17;2018;Pernambuco;0,001355521;0,787802;8,8;8,2;21,57859407;19,62274139
18;2004;Piauí;0,006985835;0,758241;5,756305218;4,980156898;19,2964772;3,0820494
18;2005;Piauí;0,008093235;0,767973;5,861384869;5,005119324;19,58996259;3,477946097
18;2006;Piauí;0,013650074;0,784127;6,164207458;5,224086285;19,9606548;4,300726559
18;2007;Piauí;0,001689766;0,761221;6,553283691;5,334397793;20,02586229;4,387449022
18;2008;Piauí;0,010050848;0,756198;6,697436333;5,512738228;20,44575289;5,138618973
18;2009;Piauí;0,009421221;0,761951;6,641831398;5,668209076;21,02081229;5,969980338
18;2011;Piauí;0,009021751;0,771262;6,753345013;5,709377289;20,84750443;8,099386177
18;2012;Piauí;0,005792443;0,779198;7,153840542;5,894943237;21,27671847;8,914079875
18;2013;Piauí;0,005146713;0,775369;7,173911095;6,272958279;21,1339652;9,713452829
18;2014;Piauí;0,010846149;0,779105;7,415722847;6,100044727;20,87509638;11,68432482
18;2015;Piauí;0,002127117;0,770228;7,572520733;6,5284729;20,54022659;12,09185373
18;2016;Piauí;0,003220146;0,769381;7,7;6,7;21,09688871;12,75848061
18;2017;Piauí;0,005191964;0,762341;8;6,7;20,9489771;13,93878774
18;2018;Piauí;0,005944895;0,763868;8;6,9;20,84653599;15,43572769
19;2004;Rio de Janeiro;0,00910859;0,839599;8,571566582;8,78892231;21,4495863;15,65976018
19;2005;Rio de Janeiro;0,005809906;0,844974;8,596576691;8,921034813;21,47563213;17,34250406
19;2006;Rio de Janeiro;0,00541469;0,844868;8,867116928;9,146819115;21,85096077;19,08111669
19;2007;Rio de Janeiro;0,003939996;0,843318;8,98598671;9,300813675;21,56968432;20,4167052
19;2008;Rio de Janeiro;0,007952823;0,836786;9,187515259;9,377119064;21,74247934;23,63911422
19;2009;Rio de Janeiro;0,00175791;0,837431;9,173934937;9,464526176;22,13177187;24,24537129
19;2011;Rio de Janeiro;0,006569374;0,832692;9,461759567;9,48751545;22,60815431;31,25583828
19;2012;Rio de Janeiro;0,005701558;0,827805;9,604951859;9,807847977;22,80765257;34,81908791
19;2013;Rio de Janeiro;0,004399183;0,827616;9,849024773;9,809297562;23,0386048;37,80771926
19;2014;Rio de Janeiro;0,003257095;0,825656;9,919033051;9,966409683;23,13977413;40,12133575
19;2015;Rio de Janeiro;-0,00088314;0,828041;10,00491619;10,06898117;23,04523693;39,13862306
19;2016;Rio de Janeiro;-0,001420214;0,832271;9,9;10,1;22,26853858;37,78682477
19;2017;Rio de Janeiro;0,002346258;0,830283;10,1;10,2;21,38018006;39,38697748
19;2018;Rio de Janeiro;0,006009525;0,830493;10,5;10,5;21,43644776;44,22265827
20;2004;Rio Grande do Norte;0,00901702;0,79942;6,605364799;5,798325062;19,81430765;5,71889173
20;2005;Rio Grande do Norte;0,008769226;0,803622;6,942389965;6,147754192;20,06781795;6,533623907
20;2006;Rio Grande do Norte;0,008128025;0,804342;6,853844643;6,106016636;20,34125339;7,396599715
20;2007;Rio Grande do Norte;0,008235314;0,804113;7,128930092;6,380455971;20,09272822;8,405856957
20;2008;Rio Grande do Norte;0,005474683;0,80536;7,429553986;6,487762451;20,34699678;9,123704635
20;2009;Rio Grande do Norte;0,00397465;0,805413;7,494255543;6,726120472;20,67222545;9,655169896
20;2011;Rio Grande do Norte;0,007168902;0,80685;7,878477097;6,908498287;20,51122484;12,53064041
20;2012;Rio Grande do Norte;0,007083329;0,810998;8,296361923;7,291185856;20,59091965;14,0527226
20;2013;Rio Grande do Norte;0,005912716;0,810073;8,203438759;7,312206268;20,96370727;15,45730542
20;2014;Rio Grande do Norte;0,002672796;0,801773;7,954425812;7,183060169;20,43548029;16,06340609
20;2015;Rio Grande do Norte;0,003259808;0,799565;8,501907349;7,603267193;20,68397484;16,86918228
20;2016;Rio Grande do Norte;0,002323827;0,800925;8,6;7,6;20,73295939;17,43503544
20;2017;Rio Grande do Norte;0,004172125;0,792455;8,6;7,7;20,72516243;18,63580511
20;2018;Rio Grande do Norte;0,002257355;0,788684;8,8;7,9;21,063325;19,24960319
21;2004;Rio Grande do Sul;0,005097994;0,789569;7,975956917;7,891345978;21,3311642;12,32229699
21;2005;Rio Grande do Sul;0,002067993;0,813933;7,998353958;8,020664215;21,4341388;12,74007743
21;2006;Rio Grande do Sul;0,004235811;0,799672;8,245107651;8,053729057;21,49077347;13,72848954
21;2007;Rio Grande do Sul;0,006877291;0,794692;8,24416256;8,065428734;21,39677639;15,5650063
21;2008;Rio Grande do Sul;0,006558288;0,789626;8,482174873;8,285103798;21,99784481;17,55875742
21;2009;Rio Grande do Sul;0,003754589;0,797601;8,597709656;8,441506386;21,6676765;18,7895048
21;2011;Rio Grande do Sul;0,004875952;0,794704;8,737916946;8,506519318;21,97146732;24,17666259
21;2012;Rio Grande do Sul;0,004206285;0,80429;8,870067596;8,578986168;21,6083702;26,10998018
21;2013;Rio Grande do Sul;0,007418521;0,783107;8,949199677;8,587986946;21,75101025;30,0268301
21;2014;Rio Grande do Sul;0,003771561;0,783839;9,118354797;8,80342865;21,97125919;32,17826552
21;2015;Rio Grande do Sul;0,003319594;0,780295;9,31666851;9,028561592;21,78258586;34,18040652
21;2016;Rio Grande do Sul;0,003430974;0,776248;9,6;9,3;21,52870885;36,40173262
21;2017;Rio Grande do Sul;0,001755533;0,780458;9,6;9,3;21,4487717;37,52329832
21;2018;Rio Grande do Sul;0,003892363;0,779221;9,6;9,4;21,87074161;40,36274504
22;2004;Rondônia;0,009648887;0,655898;6,885480404;6,464935303;19,36651261;7,363397002
22;2005;Rondônia;0,007916501;0,661969;6,697170258;6,307324409;19,44857254;8,265791409
22;2006;Rondônia;0,002599123;0,664114;6,933107853;6,451797009;19,61367345;8,519912756
22;2007;Rondônia;0,006148461;0,668052;7,420893669;6,835718155;19,70857875;9,316602
22;2008;Rondônia;0,010917586;0,660341;7,425440311;6,833225727;20,30434884;11,03387872
22;2009;Rondônia;0,007921628;0,679131;7,793394089;7,335972309;20,62014996;12,4615162
22;2011;Rondônia;0,008398655;0,709207;7,860659122;7,333320141;20,3757586;17,04025683
22;2012;Rondônia;0,005139293;0,703686;8,189454079;7,690276146;20,2246167;18,38513594
22;2013;Rondônia;0,001913331;0,693786;8,230708122;7,374065399;20,62462065;18,77475718
22;2014;Rondônia;0,00518015;0,69349;8,635216713;7,974847794;20,3371755;20,28350914
22;2015;Rondônia;0,004138584;0,694335;8,813987732;7,876468658;20,32879644;21,52984137
22;2016;Rondônia;0,004378561;0,690432;8,3;7,5;20,29253497;22,96996701
22;2017;Rondônia;0,005593536;0,691572;8,5;7,9;20,30911491;25,04414018
22;2018;Rondônia;0,00179758;0,687664;8,7;8,1;20,61106768;25,55431219
24;2004;Santa Catarina;0,007703752;0,742839;7,955373287;8,050997734;20,47156194;12,60628953
24;2005;Santa Catarina;0,005647678;0,750767;8,207780838;8,328837395;20,73494186;13,75683825
24;2006;Santa Catarina;0,006057592;0,756968;8,335861206;8,343494415;20,71185669;15,14039734
24;2007;Santa Catarina;0,007105145;0,755671;8,388299942;8,547693253;20,69819888;17,00901644
24;2008;Santa Catarina;0,008557819;0,751064;8,526273727;8,754234314;21,08972916;19,64804142
24;2009;Santa Catarina;0,003268767;0,74885;8,777162552;8,917693138;21,19232671;20,59546537
24;2011;Santa Catarina;0,006592654;0,757163;8,982374191;9,003113747;21,14702805;27,02308263
24;2012;Santa Catarina;0,00511081;0,75871;9,045730591;9,13215065;21,67419809;29,36706874
24;2013;Santa Catarina;0,005869437;0,751677;9,240605354;9,197113037;21,84785258;32,40275152
24;2014;Santa Catarina;0,006404074;0,76403;9,250306129;9,243102074;21,76280883;36,14721376
24;2015;Santa Catarina;0,001375216;0,765502;9,43615818;9,415221214;21,74368692;36,61694167
24;2016;Santa Catarina;0,001569746;0,755703;9,1;9,2;21,63189062;37,24289366
24;2017;Santa Catarina;0,003969895;0,760321;9,5;9,5;21,647371;39,69652124
24;2018;Santa Catarina;0,003747981;0,764886;9,7;9,6;21,57376777;42,14929587
25;2004;São Paulo;0,004897744;0,877008;8,307313919;8,605591774;22,46980745;16,47229901
25;2005;São Paulo;0,006367672;0,879179;8,450511932;8,697844505;22,80529962;18,53070903
25;2006;São Paulo;0,005094364;0,876696;8,668718338;8,918473244;22,82267869;20,33707784
25;2007;São Paulo;0,006158315;0,879376;8,844126701;9,020296097;23,0406964;22,83513637
25;2008;São Paulo;0,00523518;0,881968;8,950807571;9,143580437;23,36530937;25,17448812
25;2009;São Paulo;0,003756872;0,877212;9,143173218;9,305968285;23,64454477;26,92722757
25;2011;São Paulo;0,004959307;0,879435;9,414325714;9,55304718;23,68373272;33,63991441
25;2012;São Paulo;0,003876401;0,877765;9,604794502;9,776857376;23,55316564;36,15582544
25;2013;São Paulo;0,00451101;0,87608;9,697382927;9,757991791;23,88104665;39,40476288
25;2014;São Paulo;0,003764979;0,873122;9,83186245;9,917345047;23,89886752;42,29155666
25;2015;São Paulo;0,002016189;0,871508;9,935071945;10,05361176;23,7502227;43,73452547
25;2016;São Paulo;0,002324105;0,870776;10;10,2;23,59867724;45,54833534
25;2017;São Paulo;0,001839686;0,867509;10,3;10,4;23,67271221;46,9718778
25;2018;São Paulo;0,001931148;0,869439;10,4;10,4;23,64903847;48,54223974
26;2004;Sergipe;0,007781004;0,740596;7,178435326;6,360546112;19,61856053;6,846272432
26;2005;Sergipe;0,004805015;0,736274;6,845998287;6,230591774;19,75786894;7,304913083
26;2006;Sergipe;0,007835705;0,720503;6,966393948;6,303506851;19,95171959;8,196571375
26;2007;Sergipe;0,006256592;0,726835;7,397247314;6,713815212;19,43879459;8,973841146
26;2008;Sergipe;0,009679091;0,722027;7,527915478;7,161982536;19,99547284;10,41337116
26;2009;Sergipe;0,000793651;0,713271;7,65298605;6,932666779;20,11262967;10,42015353
26;2011;Sergipe;0,005703828;0,736298;7,699286461;7,283551693;20,27596589;13,66303299
26;2012;Sergipe;0,007041919;0,744057;7,666466713;7,082931042;20,24111634;15,26401447
26;2013;Sergipe;0,004209334;0,731921;7,851438999;7,282821655;20,50037153;16,25665522
26;2014;Sergipe;0,003377575;0,730495;7,542572498;6,883041382;20,41498776;17,07160634
26;2015;Sergipe;0,001635402;0,732204;8,03323555;7,073095322;20,19837524;17,39399916
26;2016;Sergipe;0,000474512;0,737925;8,1;7,4;20,27433544;17,37824947
26;2017;Sergipe;0,002637696;0,73031;8,2;7,6;20,23434519;18,03575033
26;2018;Sergipe;0,001802725;0,740446;8,2;7,5;20,32567128;18,4426254
27;2004;Tocantins;0,005876165;0,692404;6,778402328;5,979086399;20,51033671;5,656758705
27;2005;Tocantins;0,003858631;0,694704;7,219572067;6,048603535;20,51605389;5,908108324
27;2006;Tocantins;0,007317266;0,704422;7,31055212;6,269240856;20,4157878;6,520024587
27;2007;Tocantins;0,010234179;0,702163;7,755081177;6,523944855;20,51767657;7,553158585
27;2008;Tocantins;0,01071273;0,695974;8,042654991;6,722113609;20,85663172;8,838121588
27;2009;Tocantins;0,007485682;0,689725;8,281232834;7,229794025;20,63131196;9,832397243
27;2011;Tocantins;0,006730815;0,706482;8,340838432;7,042476177;20,34992587;12,81590636
27;2012;Tocantins;0,007174132;0,709824;8,527142525;7,339827538;20,39249882;14,26729867
27;2013;Tocantins;0,00832085;0,707042;8,666698456;7,492208481;20,66001594;16,21606652
27;2014;Tocantins;0,005640649;0,710743;8,782429695;7,535096169;20,8971993;17,63213197
27;2015;Tocantins;0,005827421;0,715613;9,078139305;7,699566364;20,33439472;19,24219312
27;2016;Tocantins;0,005109737;0,716685;8,8;7,4;20,63932015;20,77336154
27;2017;Tocantins;0,004450921;0,715442;9,1;7,7;20,58917912;22,18631541
27;2018;Tocantins;0,002575211;0,714031;9,1;7,9;20,56461812;22,93307481
